{"stats":{"minecraft:crafted":{"minecraft:oak_planks":36,"minecraft:crafting_table":1,"minecraft:stick":8,"minecraft:stone_pickaxe":1,"minecraft:wooden_pickaxe":1,"minecraft:wooden_axe":1},"minecraft:mined":{"minecraft:tall_seagrass":5,"minecraft:red_bed":1,"minecraft:iron_ore":9,"minecraft:cave_vines_plant":1,"minecraft:crafting_table":3,"gravestone:gravestone":3,"minecraft:granite":8,"minecraft:grass":3,"minecraft:grass_block":2,"minecraft:oak_log":9,"minecraft:deepslate_iron_ore":3,"minecraft:dirt":8,"minecraft:cobblestone":1,"minecraft:stone":6,"minecraft:big_dripleaf":1},"minecraft:killed_by":{"minecraft:player":1,"minecraft:drowned":1,"minecraft:zombie":1},"minecraft:custom":{"minecraft:time_since_rest":90,"minecraft:sprint_one_cm":70987,"minecraft:damage_taken":1425,"minecraft:walk_one_cm":45076,"minecraft:drop":18,"minecraft:damage_dealt":672,"minecraft:player_kills":1,"minecraft:interact_with_crafting_table":10,"minecraft:swim_one_cm":23742,"minecraft:fly_one_cm":57615,"minecraft:crouch_one_cm":186,"minecraft:play_time":48147,"minecraft:deaths":3,"minecraft:sneak_time":471,"minecraft:walk_under_water_one_cm":15316,"minecraft:jump":453,"minecraft:leave_game":2,"minecraft:walk_on_water_one_cm":21859,"minecraft:time_since_death":9834,"minecraft:sleep_in_bed":5,"minecraft:total_world_time":48147,"minecraft:fall_one_cm":17822},"minecraft:dropped":{"minecraft:moss_carpet":3,"minecraft:wheat_seeds":2,"minecraft:diamond":1,"minecraft:raw_iron":1,"gravestone:obituary":3,"minecraft:granite":8},"minecraft:picked_up":{"minecraft:raw_iron":13,"minecraft:crafting_table":3,"minecraft:big_dripleaf":1,"minecraft:torch":1,"minecraft:oak_log":9,"minecraft:red_bed":1,"minecraft:dirt":10,"minecraft:moss_carpet":3,"artifacts:feral_claws":1,"minecraft:diamond":6,"minecraft:wheat_seeds":2,"minecraft:granite":8,"minecraft:glow_berries":1,"minecraft:cobblestone":7,"minecraft:egg":1},"minecraft:used":{"minecraft:big_dripleaf":1,"minecraft:wooden_axe":16,"minecraft:stone_pickaxe":12,"minecraft:wooden_pickaxe":16,"minecraft:glow_berries":1,"minecraft:dirt":10,"minecraft:cobblestone":4,"minecraft:crafting_table":4,"minecraft:red_bed":1,"minecraft:egg":1}},"DataVersion":3120}