{"stats":{"minecraft:crafted":{"minecraft:oak_planks":4,"usefulbackpacks:backpack_small":2,"minecraft:furnace":1,"minecraft:iron_boots":1,"minecraft:stone_pickaxe":3,"usefulbackpacks:backpack_medium":1,"minecraft:dark_oak_planks":56,"minecraft:wheat":126,"minecraft:coal_block":10,"minecraft:cooked_cod":14,"minecraft:crafting_table":3,"minecraft:wooden_pickaxe":1,"minecraft:iron_helmet":1,"minecraft:iron_sword":1,"minecraft:bread":66,"minecraft:air":0,"minecraft:iron_chestplate":1,"minecraft:shield":1,"minecraft:raw_gold":72,"minecraft:stick":48,"usefulbackpacks:backpack_large":1,"minecraft:iron_ingot":28,"minecraft:iron_pickaxe":1,"minecraft:wooden_axe":2,"minecraft:iron_leggings":1,"minecraft:torch":88},"minecraft:mined":{"minecraft:stone_pressure_plate":2,"minecraft:deepslate_diamond_ore":2,"minecraft:dark_oak_log":126,"minecraft:cobbled_deepslate_slab":1,"minecraft:cave_vines_plant":48,"minecraft:grass_block":1,"minecraft:jungle_log":134,"minecraft:coal_block":19,"minecraft:moss_block":5,"minecraft:hay_block":26,"minecraft:raw_iron_block":7,"minecraft:furnace":24,"minecraft:iron_ore":104,"minecraft:barrel":4,"minecraft:cobbled_deepslate":4,"minecraft:andesite":1,"minecraft:moss_carpet":1,"minecraft:anvil":1,"minecraft:fletching_table":1,"minecraft:gold_block":4,"minecraft:bookshelf":57,"minecraft:vine":12,"minecraft:cave_vines":42,"minecraft:deepslate_iron_ore":56,"minecraft:oak_stairs":1,"minecraft:potted_cornflower":1,"minecraft:iron_block":2,"minecraft:stone":78,"minecraft:green_bed":4,"minecraft:smithing_table":2,"minecraft:red_bed":4,"minecraft:smoker":1,"minecraft:powder_snow":8,"minecraft:torch":3,"minecraft:crafting_table":10,"minecraft:blast_furnace":1,"minecraft:poppy":1,"minecraft:chest":27,"minecraft:lectern":3,"minecraft:tall_grass":11,"minecraft:cobblestone":7,"minecraft:grindstone":4,"minecraft:sugar_cane":2,"minecraft:damaged_anvil":1,"minecraft:wall_torch":14,"minecraft:diorite":6,"minecraft:beehive":2,"minecraft:birch_leaves":2,"minecraft:smooth_stone_slab":1,"minecraft:grass":40,"minecraft:coal_ore":67,"minecraft:oak_log":58,"minecraft:dirt":2,"minecraft:cobweb":1,"minecraft:gold_ore":4,"minecraft:oak_leaves":10,"minecraft:deepslate":27,"minecraft:fern":1},"minecraft:custom":{"minecraft:mob_kills":118,"minecraft:interact_with_crafting_table":48,"minecraft:interact_with_campfire":40,"minecraft:open_barrel":43,"minecraft:leave_game":3,"minecraft:time_since_death":269673,"minecraft:climb_one_cm":28923,"minecraft:sprint_one_cm":194281,"minecraft:walk_one_cm":1309253,"minecraft:drop":106,"minecraft:talked_to_villager":3,"minecraft:play_time":269673,"minecraft:sneak_time":6047,"minecraft:walk_under_water_one_cm":14186,"minecraft:jump":4810,"minecraft:interact_with_blast_furnace":7,"minecraft:walk_on_water_one_cm":18266,"minecraft:total_world_time":269673,"minecraft:interact_with_furnace":44,"minecraft:interact_with_loom":1,"minecraft:pot_flower":4,"minecraft:sleep_in_bed":13,"minecraft:time_since_rest":60563,"minecraft:damage_taken":3057,"minecraft:damage_dealt":19621,"minecraft:swim_one_cm":49734,"minecraft:fly_one_cm":595015,"minecraft:open_chest":147,"minecraft:crouch_one_cm":15315,"minecraft:fall_one_cm":14333},"minecraft:broken":{"minecraft:stone_pickaxe":2,"minecraft:iron_axe":1,"minecraft:iron_sword":1,"minecraft:wooden_axe":2},"minecraft:dropped":{"minecraft:wheat_seeds":16,"minecraft:golden_helmet":5,"minecraft:oak_fence":1,"minecraft:dark_oak_sapling":3,"minecraft:crossbow":3,"minecraft:book":6,"minecraft:leather":8,"minecraft:apple":1,"minecraft:hopper_minecart":2,"minecraft:item_frame":3,"minecraft:dark_oak_log":55,"minecraft:diorite":1,"minecraft:torch":4,"minecraft:cornflower":2,"minecraft:mutton":1,"minecraft:rose_bush":1,"usefulbackpacks:backpack_small":3,"minecraft:jungle_sapling":12,"minecraft:furnace_minecart":3,"minecraft:iron_axe":1,"minecraft:sugar":1,"minecraft:string":24,"minecraft:tripwire_hook":6,"minecraft:white_wool":3,"minecraft:dandelion":2,"minecraft:armor_stand":4,"minecraft:moss_carpet":1,"alexsmobs:animal_dictionary":2,"minecraft:raw_copper":3,"minecraft:pointed_dripstone":1,"minecraft:beetroot":5,"minecraft:rotten_flesh":37,"minecraft:cooked_mutton":8,"minecraft:azure_bluet":1,"minecraft:chainmail_chestplate":1,"argentinas_delight:cuernodetoro":8,"minecraft:poppy":3,"minecraft:peony":1,"minecraft:chainmail_boots":1,"minecraft:oak_sapling":15,"minecraft:golden_leggings":5,"minecraft:stone_pressure_plate":1,"minecraft:spider_eye":2,"minecraft:wooden_pickaxe":1,"alexsmobs:banana":2},"minecraft:killed":{"minecraft:witch":1,"minecraft:spider":10,"minecraft:vindicator":1,"minecraft:skeleton":9,"minecraft:bee":3,"minecraft:chicken":1,"artifacts:mimic":2,"minecraft:zombie_villager":3,"takesapillage:skirmisher":2,"minecraft:creeper":5,"minecraft:sheep":13,"minecraft:pillager":7,"minecraft:zombie":39,"minecraft:enderman":1,"minecraft:cow":16},"minecraft:picked_up":{"minecraft:charcoal":2,"minecraft:cocoa_beans":8,"minecraft:iron_chestplate":2,"minecraft:crafting_table":10,"minecraft:wheat":15,"minecraft:allium":1,"minecraft:azure_bluet":1,"minecraft:chainmail_boots":3,"minecraft:anvil":1,"minecraft:ladder":4,"minecraft:flower_pot":1,"minecraft:golden_pickaxe":2,"minecraft:smithing_table":2,"artifacts:umbrella":2,"minecraft:wooden_pickaxe":1,"minecraft:oak_stairs":1,"minecraft:gold_block":5,"minecraft:enchanted_book":1,"minecraft:cornflower":3,"minecraft:string":16,"minecraft:red_bed":5,"minecraft:moss_carpet":1,"minecraft:raw_copper":3,"minecraft:armor_stand":12,"minecraft:iron_axe":5,"minecraft:large_fern":1,"minecraft:smooth_stone_slab":1,"minecraft:compass":2,"minecraft:iron_leggings":1,"minecraft:item_frame":8,"minecraft:iron_shovel":3,"minecraft:experience_bottle":1,"minecraft:beetroot":11,"minecraft:cracked_stone_bricks":2,"minecraft:gold_nugget":6,"minecraft:cobbled_deepslate":38,"usefulbackpacks:backpack_small":2,"alexsmobs:banana":3,"minecraft:beef":52,"minecraft:rose_bush":1,"minecraft:jungle_sapling":25,"minecraft:azalea":1,"minecraft:iron_nugget":44,"minecraft:poppy":3,"minecraft:hopper_minecart":2,"minecraft:lectern":3,"minecraft:sugar_cane":5,"minecraft:coal_block":19,"minecraft:chest":29,"minecraft:iron_boots":1,"minecraft:furnace":28,"minecraft:raw_iron":299,"minecraft:golden_helmet":8,"minecraft:dark_oak_sapling":3,"minecraft:stick":48,"minecraft:beehive":2,"minecraft:oak_fence":1,"minecraft:torch":17,"minecraft:green_bed":5,"minecraft:fire_charge":2,"minecraft:pointed_dripstone":1,"minecraft:diorite":6,"minecraft:redstone":1,"minecraft:stone_pressure_plate":7,"minecraft:arrow":11,"minecraft:rotten_flesh":43,"minecraft:pumpkin_pie":3,"minecraft:peony":1,"minecraft:hay_block":26,"minecraft:iron_block":2,"minecraft:gold_ingot":2,"minecraft:mutton":14,"minecraft:obsidian":9,"minecraft:snowball":53,"minecraft:glow_berries":53,"minecraft:rail":4,"minecraft:cod":2,"minecraft:white_wool":20,"minecraft:cobblestone":87,"minecraft:furnace_minecart":3,"minecraft:cooked_beef":27,"minecraft:dark_oak_button":2,"minecraft:andesite":1,"minecraft:jungle_log":134,"minecraft:tripwire_hook":6,"minecraft:water_bucket":2,"minecraft:salmon":1,"minecraft:leather":24,"minecraft:golden_leggings":8,"minecraft:smoker":1,"minecraft:potato":20,"minecraft:flint":17,"minecraft:tuff":2,"minecraft:oak_log":61,"minecraft:chainmail_chestplate":2,"minecraft:golden_boots":1,"artifacts:flame_pendant":1,"minecraft:gunpowder":26,"minecraft:map":2,"minecraft:lapis_lazuli":4,"minecraft:dirt":57,"minecraft:paper":10,"minecraft:lantern":6,"minecraft:cooked_mutton":13,"minecraft:bone":52,"minecraft:apple":5,"minecraft:stone_bricks":1,"minecraft:wheat_seeds":16,"minecraft:cobbled_deepslate_slab":1,"minecraft:raw_gold":82,"minecraft:grindstone":4,"minecraft:iron_ingot":11,"minecraft:stone_pickaxe":1,"minecraft:fletching_table":1,"minecraft:moss_block":5,"minecraft:iron_sword":1,"minecraft:book":180,"minecraft:oak_slab":3,"minecraft:dandelion":2,"minecraft:raw_iron_block":7,"minecraft:gravel":11,"minecraft:spruce_sapling":5,"minecraft:blast_furnace":1,"minecraft:spruce_log":1,"minecraft:grass_block":1,"minecraft:spider_eye":2,"minecraft:dark_oak_log":83,"minecraft:barrel":12,"alexsmobs:animal_dictionary":1,"minecraft:diamond_shovel":1,"minecraft:sugar":1,"minecraft:diamond":9,"minecraft:soul_lantern":1,"minecraft:lever":1,"minecraft:writable_book":1,"minecraft:chainmail_leggings":5,"minecraft:crossbow":3,"minecraft:golden_apple":1,"minecraft:gray_wool":1,"minecraft:chainmail_helmet":4,"minecraft:emerald":3,"minecraft:bread":29,"alexsmobs:maggot":1,"minecraft:baked_potato":5,"argentinas_delight:cuernodetoro":11,"minecraft:oak_sapling":15,"minecraft:damaged_anvil":1,"minecraft:coal":263},"minecraft:used":{"minecraft:moss_block":5,"minecraft:beetroot":18,"minecraft:chest":14,"minecraft:iron_sword":310,"minecraft:torch":77,"minecraft:rotten_flesh":6,"minecraft:anvil":1,"minecraft:dirt":28,"minecraft:allium":1,"minecraft:snowball":53,"minecraft:beehive":2,"minecraft:wooden_axe":121,"alexsmobs:maggot":1,"minecraft:iron_axe":395,"minecraft:oak_stairs":1,"minecraft:grass_block":1,"minecraft:iron_boots":1,"minecraft:dark_oak_button":2,"minecraft:stone_bricks":1,"minecraft:item_frame":3,"minecraft:furnace":1,"minecraft:cooked_cod":2,"minecraft:cooked_beef":2,"minecraft:stone_pressure_plate":2,"minecraft:cobbled_deepslate":29,"minecraft:cooked_mutton":5,"minecraft:water_bucket":3,"minecraft:diorite":5,"minecraft:stone_pickaxe":281,"minecraft:baked_potato":4,"minecraft:wooden_pickaxe":17,"minecraft:green_bed":4,"minecraft:cracked_stone_bricks":2,"minecraft:glow_berries":80,"minecraft:blast_furnace":1,"minecraft:red_bed":3,"minecraft:crafting_table":12,"minecraft:spruce_log":1,"minecraft:lever":1,"minecraft:flower_pot":1,"minecraft:apple":8,"minecraft:bread":36,"minecraft:iron_pickaxe":132,"minecraft:spruce_sapling":2,"minecraft:gravel":11,"minecraft:soul_lantern":1,"minecraft:cobblestone":70,"minecraft:bucket":3,"minecraft:pumpkin_pie":3,"minecraft:gray_wool":1,"minecraft:experience_bottle":1}},"DataVersion":3120}