{"stats":{"minecraft:crafted":{"minecraft:crafting_table":1,"minecraft:iron_helmet":1,"minecraft:cooked_mutton":6,"minecraft:jungle_planks":76,"minecraft:stick":4,"minecraft:wooden_axe":1,"minecraft:chest":3,"minecraft:dark_oak_planks":164,"minecraft:jungle_sign":6,"minecraft:cooked_rabbit":2},"minecraft:mined":{"minecraft:scaffolding":4,"minecraft:dark_oak_leaves":9,"minecraft:brown_stained_glass_pane":1,"minecraft:brown_carpet":9,"minecraft:dark_oak_log":45,"minecraft:dandelion":8,"minecraft:powder_snow":3,"minecraft:jungle_sign":1,"minecraft:polished_andesite_stairs":1,"minecraft:cornflower":2,"minecraft:allium":3,"minecraft:grass_block":6,"minecraft:poppy":5,"minecraft:chest":1,"minecraft:jungle_log":34,"minecraft:rose_bush":2,"minecraft:campfire":8,"minecraft:lectern":1,"minecraft:tall_grass":4,"minecraft:cartography_table":1,"minecraft:skeleton_skull":1,"minecraft:white_carpet":14,"minecraft:jukebox":1,"minecraft:yellow_bed":3,"minecraft:fletching_table":1,"minecraft:grass":29,"minecraft:bookshelf":2,"minecraft:skeleton_wall_skull":1,"minecraft:oak_log":6,"minecraft:vine":3,"minecraft:dirt":1,"minecraft:jungle_wall_sign":5,"minecraft:fern":1,"minecraft:oak_leaves":8},"minecraft:custom":{"minecraft:interact_with_furnace":6,"minecraft:mob_kills":31,"minecraft:interact_with_crafting_table":11,"minecraft:open_barrel":13,"minecraft:interact_with_campfire":11,"minecraft:time_since_death":176472,"minecraft:sleep_in_bed":3,"minecraft:climb_one_cm":24637,"minecraft:time_since_rest":43176,"minecraft:sprint_one_cm":748223,"minecraft:damage_taken":3974,"minecraft:walk_one_cm":443567,"minecraft:drop":27,"minecraft:damage_dealt":6734,"minecraft:swim_one_cm":18036,"minecraft:talked_to_villager":4,"minecraft:fly_one_cm":441097,"minecraft:open_chest":46,"minecraft:crouch_one_cm":2611,"minecraft:play_time":176472,"minecraft:sneak_time":691,"minecraft:walk_under_water_one_cm":10872,"minecraft:jump":3062,"minecraft:interact_with_blast_furnace":1,"minecraft:walk_on_water_one_cm":19938,"minecraft:total_world_time":176472,"minecraft:fall_one_cm":74766},"minecraft:broken":{"minecraft:iron_axe":1,"minecraft:wooden_axe":1},"minecraft:dropped":{"minecraft:gravel":2,"minecraft:sugar_cane":1,"minecraft:wheat_seeds":9,"minecraft:feather":2,"minecraft:rotten_flesh":4,"minecraft:rose_bush":1,"minecraft:oak_sapling":7,"minecraft:jungle_sapling":6,"minecraft:iron_shovel":1,"minecraft:dark_oak_planks":154,"minecraft:bone":1,"minecraft:dandelion":1},"minecraft:killed":{"minecraft:pig":2,"minecraft:witch":2,"takesapillage:skirmisher":1,"minecraft:vindicator":1,"minecraft:spider":2,"minecraft:creeper":1,"minecraft:sheep":7,"minecraft:skeleton":4,"minecraft:pillager":5,"minecraft:zombie":3,"minecraft:chicken":1},"minecraft:used":{"minecraft:cooked_mutton":19,"minecraft:rabbit":1,"minecraft:chest":4,"minecraft:dirt":4,"minecraft:mutton":1,"minecraft:white_carpet":11,"minecraft:crafting_table":1,"minecraft:wooden_axe":54,"minecraft:apple":4,"minecraft:chicken":2,"minecraft:iron_axe":182,"minecraft:bread":42,"minecraft:polished_andesite_stairs":1,"minecraft:iron_pickaxe":3,"minecraft:jungle_sign":12,"minecraft:brown_carpet":9,"minecraft:scaffolding":4,"minecraft:porkchop":3,"minecraft:cooked_rabbit":5,"alexsmobs:banana":2,"minecraft:yellow_bed":3,"minecraft:skeleton_skull":2,"minecraft:cooked_beef":2,"minecraft:experience_bottle":8},"minecraft:picked_up":{"minecraft:charcoal":16,"minecraft:feather":2,"minecraft:cooked_beef":2,"minecraft:chainmail_boots":1,"minecraft:chicken":3,"minecraft:jungle_log":34,"minecraft:golden_leggings":1,"minecraft:potato":14,"minecraft:cooked_rabbit":3,"minecraft:chainmail_chestplate":1,"minecraft:yellow_bed":3,"minecraft:cornflower":1,"minecraft:string":5,"minecraft:dirt":4,"minecraft:white_carpet":14,"minecraft:iron_axe":1,"minecraft:bone":1,"minecraft:cooked_mutton":14,"minecraft:armor_stand":1,"minecraft:iron_shovel":1,"minecraft:experience_bottle":1,"minecraft:apple":1,"minecraft:cartography_table":1,"minecraft:wheat_seeds":13,"alexsmobs:banana":2,"minecraft:beef":2,"minecraft:rose_bush":1,"minecraft:jungle_sapling":6,"minecraft:light_gray_wool":1,"minecraft:poppy":5,"minecraft:fletching_table":1,"minecraft:rabbit":6,"minecraft:lectern":1,"minecraft:sugar_cane":1,"minecraft:chest":1,"minecraft:polished_andesite_stairs":1,"minecraft:scaffolding":4,"minecraft:book":6,"minecraft:golden_helmet":1,"minecraft:dark_oak_sapling":4,"minecraft:stick":2,"minecraft:jukebox":1,"minecraft:dandelion":9,"minecraft:gravel":2,"minecraft:porkchop":3,"minecraft:dark_oak_log":43,"minecraft:jungle_sign":6,"minecraft:leather_helmet":1,"minecraft:brown_carpet":9,"minecraft:arrow":3,"minecraft:rotten_flesh":5,"minecraft:writable_book":1,"minecraft:emerald":1,"minecraft:oak_sapling":7,"minecraft:mutton":22,"minecraft:coal":3,"minecraft:white_wool":7,"minecraft:skeleton_skull":2}},"DataVersion":3120}