{"stats":{"minecraft:custom":{"minecraft:interact_with_crafting_table":38,"minecraft:open_barrel":17,"goblintraders:trade_with_goblin":19,"minecraft:bell_ring":1,"minecraft:eat_cake_slice":10,"minecraft:leave_game":6,"minecraft:time_since_death":62891,"minecraft:sprint_one_cm":904334,"minecraft:drop":215,"minecraft:play_time":252911,"minecraft:deaths":10,"minecraft:jump":3125,"minecraft:walk_on_water_one_cm":48755,"minecraft:interact_with_furnace":10,"minecraft:sleep_in_bed":9,"minecraft:damage_dealt":39575,"minecraft:player_kills":1,"minecraft:crouch_one_cm":13711,"minecraft:interact_with_smoker":4,"minecraft:use_cauldron":1,"minecraft:mob_kills":238,"minecraft:interact_with_anvil":9,"minecraft:fill_cauldron":1,"minecraft:climb_one_cm":14034,"minecraft:walk_one_cm":671088,"minecraft:sneak_time":4638,"minecraft:walk_under_water_one_cm":20596,"minecraft:interact_with_blast_furnace":11,"minecraft:total_world_time":252911,"minecraft:time_since_rest":62919,"minecraft:damage_taken":10058,"minecraft:damage_absorbed":315,"minecraft:trigger_trapped_chest":5,"minecraft:swim_one_cm":37881,"minecraft:fly_one_cm":418247,"minecraft:open_chest":150,"minecraft:fall_one_cm":80366},"minecraft:broken":{"minecraft:golden_pickaxe":2},"minecraft:killed_by":{"artifacts:mimic":1,"minecraft:zombie":1,"minecraft:player":1,"minecraft:stray":5,"minecraft:skeleton":2},"minecraft:used":{"minecraft:moss_block":12,"minecraft:moss_carpet":1,"minecraft:rotten_flesh":2,"minecraft:nether_bricks":3,"minecraft:lava_bucket":1,"minecraft:stone_brick_stairs":2,"minecraft:bow":17,"minecraft:sweet_berries":8,"minecraft:furnace":2,"minecraft:light_blue_carpet":1,"minecraft:oak_planks":14,"minecraft:stone_pickaxe":63,"minecraft:ender_pearl":2,"minecraft:wooden_pickaxe":13,"minecraft:mossy_stone_brick_stairs":1,"minecraft:diamond_axe":407,"minecraft:cookie":9,"minecraft:golden_apple":8,"minecraft:glow_berries":83,"minecraft:blast_furnace":4,"minecraft:crossbow":3,"minecraft:lever":1,"minecraft:bread":10,"minecraft:diamond_sword":75,"minecraft:cooked_rabbit":3,"minecraft:golden_pickaxe":64,"minecraft:experience_bottle":2,"minecraft:cobweb":1,"minecraft:azalea":1,"minecraft:iron_bars":10,"minecraft:tropical_fish":1,"minecraft:redstone":1,"minecraft:netherrack":1,"minecraft:torch":43,"minecraft:dirt":3,"minecraft:anvil":5,"minecraft:chainmail_chestplate":1,"minecraft:diamond_helmet":1,"minecraft:flowering_azalea":4,"minecraft:iron_boots":1,"minecraft:golden_carrot":8,"minecraft:cooked_beef":20,"minecraft:cobbled_deepslate":78,"minecraft:orange_terracotta":1,"minecraft:pointed_dripstone":1,"minecraft:cooked_mutton":5,"minecraft:water_bucket":18,"minecraft:baked_potato":12,"minecraft:red_nether_bricks":1,"minecraft:tnt":1,"minecraft:crafting_table":19,"minecraft:red_bed":14,"minecraft:cake":1,"minecraft:smoker":1,"minecraft:diamond_pickaxe":346,"minecraft:iron_pickaxe":107,"minecraft:cobblestone":48,"minecraft:potion":8,"minecraft:bucket":20,"minecraft:pumpkin_pie":8,"minecraft:chainmail_leggings":1},"minecraft:crafted":{"minecraft:oak_planks":32,"usefulbackpacks:backpack_small":1,"minecraft:stone":3,"minecraft:cooked_mutton":5,"minecraft:diamond_helmet":1,"minecraft:cooked_porkchop":14,"minecraft:diamond_axe":1,"minecraft:crafting_table":2,"minecraft:wooden_pickaxe":1,"minecraft:diamond_pickaxe":1,"minecraft:stick":16,"minecraft:iron_pickaxe":1,"minecraft:iron_ingot":99,"minecraft:gold_ingot":72,"minecraft:shears":1,"minecraft:golden_carrot":19,"minecraft:raw_iron":9,"minecraft:coal":36,"minecraft:furnace":1,"minecraft:blast_furnace":1,"minecraft:stone_pickaxe":1,"usefulbackpacks:backpack_medium":1,"minecraft:dark_oak_planks":8,"minecraft:cooked_beef":19,"minecraft:bucket":1,"minecraft:bread":8,"minecraft:air":0,"minecraft:white_wool":8,"minecraft:golden_apple":8,"minecraft:gold_nugget":270,"minecraft:torch":16},"minecraft:mined":{"minecraft:stone_pressure_plate":2,"minecraft:cobblestone_stairs":2,"minecraft:red_nether_bricks":1,"minecraft:light_blue_carpet":1,"minecraft:obsidian":1,"minecraft:cave_vines_plant":69,"minecraft:coal_block":4,"minecraft:spawner":59,"minecraft:raw_iron_block":1,"minecraft:mossy_cobblestone_stairs":5,"minecraft:iron_ore":44,"minecraft:cobbled_deepslate":1,"minecraft:fire":3,"minecraft:moss_carpet":2,"minecraft:fletching_table":1,"minecraft:anvil":6,"minecraft:pointed_dripstone":1,"minecraft:cave_vines":87,"minecraft:iron_bars":23,"minecraft:azalea":5,"minecraft:quartz_block":3,"minecraft:red_bed":15,"minecraft:smoker":2,"minecraft:orange_terracotta":1,"minecraft:clay":2,"minecraft:torch":18,"minecraft:blast_furnace":6,"minecraft:cobblestone":1,"minecraft:sugar_cane":1,"minecraft:iron_door":2,"minecraft:wall_torch":12,"minecraft:tnt":1,"minecraft:stone_brick_stairs":6,"minecraft:grass":32,"minecraft:oak_log":8,"minecraft:dirt":3,"minecraft:netherrack":2,"minecraft:oak_leaves":2,"minecraft:deepslate":84,"minecraft:mossy_cobblestone":17,"minecraft:deepslate_diamond_ore":6,"minecraft:dark_oak_log":1,"gravestone:gravestone":9,"minecraft:nether_bricks":3,"minecraft:moss_block":20,"minecraft:large_fern":1,"minecraft:furnace":2,"minecraft:carrots":1,"minecraft:mossy_stone_brick_stairs":6,"minecraft:bookshelf":2,"minecraft:potatoes":1,"minecraft:deepslate_iron_ore":41,"minecraft:vine":14,"minecraft:rail":1,"minecraft:stone":98,"minecraft:smithing_table":2,"minecraft:flowering_azalea":4,"minecraft:crafting_table":18,"minecraft:tall_grass":18,"minecraft:deepslate_gold_ore":33,"minecraft:sweet_berry_bush":6,"minecraft:coal_ore":51,"minecraft:sunflower":2,"minecraft:gravel":13,"minecraft:cracked_stone_bricks":14,"minecraft:stone_bricks":4,"minecraft:mossy_stone_bricks":19,"minecraft:gold_ore":1},"minecraft:picked_up":{"minecraft:wheat":2,"minecraft:chainmail_boots":3,"minecraft:anvil":6,"minecraft:smithing_table":2,"minecraft:diamond_sword":1,"minecraft:stone_brick_stairs":4,"minecraft:string":37,"minecraft:red_nether_bricks":1,"minecraft:iron_leggings":6,"minecraft:cobbled_deepslate":114,"minecraft:smooth_stone":3,"minecraft:azalea":5,"minecraft:iron_pickaxe":2,"minecraft:coal_block":4,"minecraft:furnace":2,"minecraft:iron_boots":4,"minecraft:tipped_arrow":8,"minecraft:golden_helmet":2,"minecraft:stick":2,"minecraft:torch":37,"minecraft:porkchop":14,"minecraft:pointed_dripstone":1,"minecraft:golden_chestplate":5,"minecraft:quartz_block":3,"minecraft:rotten_flesh":60,"minecraft:tropical_fish":1,"minecraft:obsidian":1,"minecraft:iron_bars":23,"minecraft:cobblestone":149,"minecraft:leather_chestplate":1,"minecraft:feather":1,"minecraft:iron_door":2,"minecraft:golden_leggings":2,"minecraft:smoker":2,"minecraft:potato":5,"minecraft:flint":1,"minecraft:dirt":3,"minecraft:leather_boots":5,"minecraft:bone":102,"minecraft:bow":4,"minecraft:wheat_seeds":14,"minecraft:raw_gold":34,"minecraft:diamond_helmet":2,"minecraft:mossy_stone_bricks":17,"minecraft:fletching_table":1,"minecraft:moss_block":22,"minecraft:mossy_stone_brick_stairs":6,"minecraft:dark_oak_log":2,"minecraft:mossy_cobblestone":10,"minecraft:diamond":6,"artifacts:crystal_heart":1,"minecraft:lever":1,"minecraft:chainmail_helmet":1,"minecraft:netherrack":1,"minecraft:diamond_pickaxe":2,"minecraft:crafting_table":18,"minecraft:chicken":1,"minecraft:clay_ball":8,"minecraft:leather_leggings":2,"minecraft:cooked_rabbit":3,"gravestone:obituary":13,"artifacts:power_glove":1,"minecraft:moss_carpet":4,"minecraft:red_bed":15,"minecraft:iron_axe":1,"artifacts:feral_claws":2,"minecraft:iron_shovel":1,"minecraft:cracked_stone_bricks":7,"minecraft:candle":1,"minecraft:beef":19,"minecraft:sugar_cane":3,"minecraft:egg":1,"minecraft:raw_iron":94,"minecraft:carrot":4,"minecraft:redstone":1,"minecraft:stone_pressure_plate":2,"minecraft:tnt":1,"minecraft:arrow":71,"minecraft:nether_bricks":3,"minecraft:gold_ingot":3,"minecraft:glow_berries":76,"minecraft:mutton":5,"minecraft:white_wool":3,"minecraft:rail":6,"minecraft:glow_ink_sac":2,"minecraft:leather":8,"minecraft:oak_log":8,"minecraft:chainmail_chestplate":5,"minecraft:golden_boots":1,"minecraft:gunpowder":10,"minecraft:cobblestone_stairs":2,"minecraft:orange_terracotta":1,"minecraft:stone_bricks":1,"minecraft:spore_blossom":1,"artifacts:kitty_slippers":1,"minecraft:glass_bottle":5,"minecraft:flowering_azalea":5,"minecraft:book":6,"minecraft:sweet_berries":12,"minecraft:raw_iron_block":1,"minecraft:gravel":11,"minecraft:blast_furnace":6,"artifacts:scarf_of_invisibility":2,"minecraft:spider_eye":17,"minecraft:leather_helmet":2,"minecraft:diamond_shovel":1,"minecraft:light_blue_carpet":1,"minecraft:chainmail_leggings":2,"minecraft:iron_helmet":1,"minecraft:diamond_axe":1,"wardrobe:silk":7,"minecraft:mossy_cobblestone_stairs":4,"argentinas_delight:cuernodetoro":5,"minecraft:coal":187,"minecraft:ender_pearl":2},"minecraft:dropped":{"minecraft:candle":1,"minecraft:moss_block":10,"minecraft:glow_ink_sac":2,"minecraft:glass_bottle":10,"minecraft:diamond":6,"minecraft:spore_blossom":1,"minecraft:crossbow":1,"minecraft:glow_berries":4,"minecraft:mossy_stone_brick_stairs":5,"minecraft:cracked_stone_bricks":7,"minecraft:leather_helmet":2,"minecraft:cobblestone_stairs":2,"minecraft:flint":2,"gravestone:obituary":22,"minecraft:gold_nugget":7,"minecraft:iron_pickaxe":3,"minecraft:gold_ingot":6,"minecraft:bone":1,"minecraft:gravel":11,"minecraft:cobbled_deepslate":36,"minecraft:golden_chestplate":5,"alexsmobs:animal_dictionary":1,"minecraft:wheat":4,"minecraft:obsidian":1,"wardrobe:silk":7,"minecraft:rotten_flesh":50,"minecraft:oak_planks":1,"minecraft:chainmail_chestplate":4,"argentinas_delight:cuernodetoro":1,"minecraft:leather_chestplate":1,"minecraft:tipped_arrow":7,"minecraft:gunpowder":7,"minecraft:quartz_block":3,"minecraft:leather_boots":4,"minecraft:azalea":4,"minecraft:chainmail_boots":2,"minecraft:leather_leggings":2,"minecraft:iron_bars":13,"minecraft:arrow":9,"minecraft:stone_brick_stairs":2,"minecraft:golden_boots":1,"minecraft:wheat_seeds":13,"minecraft:golden_helmet":2,"minecraft:mossy_cobblestone":10,"minecraft:iron_helmet":1,"minecraft:cobblestone":87,"minecraft:book":6,"minecraft:coal":1,"minecraft:iron_door":2,"minecraft:iron_leggings":6,"minecraft:flowering_azalea":1,"minecraft:iron_axe":1,"minecraft:mossy_cobblestone_stairs":4,"artifacts:feral_claws":1,"minecraft:iron_shovel":1,"minecraft:chainmail_leggings":1,"minecraft:string":13,"minecraft:moss_carpet":3,"minecraft:sweet_berries":5,"minecraft:raw_iron":2,"minecraft:clay_ball":8,"minecraft:iron_boots":3,"minecraft:shield":1,"minecraft:mossy_stone_bricks":17,"minecraft:golden_leggings":2,"minecraft:stone_pressure_plate":2,"minecraft:stone_bricks":1,"minecraft:spider_eye":17,"minecraft:bow":2,"minecraft:stone_pickaxe":1,"minecraft:wooden_pickaxe":1,"minecraft:raw_gold":1,"minecraft:cooked_rabbit":3},"minecraft:killed":{"minecraft:cave_spider":27,"minecraft:witch":1,"minecraft:spider":13,"minecraft:skeleton":67,"minecraft:chicken":1,"minecraft:silverfish":5,"artifacts:mimic":1,"minecraft:pig":8,"minecraft:zombie_villager":1,"minecraft:creeper":2,"minecraft:sheep":3,"mowziesmobs:lantern":1,"minecraft:pillager":2,"alexsmobs:flutter":1,"minecraft:zombie":42,"minecraft:stray":19,"minecraft:cow":9,"minecraft:bat":1,"minecraft:wither_skeleton":21,"minecraft:enderman":1}},"DataVersion":3120}