{"stats":{"minecraft:custom":{"minecraft:interact_with_crafting_table":45,"minecraft:open_barrel":2,"minecraft:bell_ring":55,"minecraft:eat_cake_slice":4,"minecraft:leave_game":15,"minecraft:time_since_death":221450,"minecraft:sprint_one_cm":918260,"minecraft:damage_blocked_by_shield":385,"minecraft:drop":184,"minecraft:talked_to_villager":15,"minecraft:play_time":282309,"minecraft:deaths":8,"minecraft:jump":5397,"minecraft:walk_on_water_one_cm":32153,"minecraft:interact_with_furnace":59,"minecraft:sleep_in_bed":8,"minecraft:damage_dealt":9930,"minecraft:crouch_one_cm":47017,"minecraft:inspect_dispenser":4,"minecraft:interact_with_smithing_table":1,"minecraft:mob_kills":49,"minecraft:climb_one_cm":18149,"minecraft:walk_one_cm":840249,"minecraft:sneak_time":14002,"minecraft:walk_under_water_one_cm":27004,"minecraft:boat_one_cm":2551,"minecraft:total_world_time":282309,"minecraft:interact_with_stonecutter":1,"minecraft:time_since_rest":118224,"minecraft:damage_taken":5086,"minecraft:swim_one_cm":66735,"minecraft:fly_one_cm":1562428,"minecraft:open_chest":40,"minecraft:fall_one_cm":366543},"minecraft:killed_by":{"minecraft:creeper":1,"alexsmobs:murmur_head":2,"minecraft:cave_spider":1,"minecraft:skeleton":3},"minecraft:broken":{"minecraft:iron_shovel":1,"minecraft:wooden_axe":1,"minecraft:wooden_pickaxe":1,"minecraft:iron_axe":3,"minecraft:iron_pickaxe":1},"minecraft:used":{"minecraft:iron_shovel":417,"minecraft:chest":4,"minecraft:shield":10,"minecraft:iron_sword":203,"minecraft:bell":4,"minecraft:rotten_flesh":5,"minecraft:mutton":2,"minecraft:carrot":99,"minecraft:beehive":1,"minecraft:lava_bucket":11,"minecraft:lantern":1,"minecraft:stone_bricks":3,"rubiks_cube:standard_rubiks_cube":1,"minecraft:dark_oak_boat":3,"minecraft:furnace":9,"minecraft:egg":1,"minecraft:potato":28,"minecraft:dark_oak_stairs":6,"minecraft:stone_pickaxe":213,"minecraft:wooden_pickaxe":56,"minecraft:sugar_cane":67,"minecraft:glow_berries":153,"minecraft:shears":6,"minecraft:bread":20,"minecraft:gravel":41,"minecraft:dark_oak_fence":40,"minecraft:stone_sword":36,"minecraft:stone_shovel":121,"minecraft:stone_hoe":82,"minecraft:torch":64,"minecraft:dirt":357,"minecraft:oak_fence_gate":1,"minecraft:dark_oak_planks":459,"minecraft:wooden_axe":60,"minecraft:iron_axe":818,"minecraft:beef":5,"minecraft:cooked_beef":6,"minecraft:cooked_mutton":6,"minecraft:water_bucket":61,"minecraft:baked_potato":3,"minecraft:crafting_table":15,"minecraft:white_bed":13,"minecraft:apple":17,"minecraft:iron_pickaxe":387,"minecraft:cobblestone":62,"minecraft:bucket":72,"minecraft:yellow_bed":12,"minecraft:pumpkin_pie":1},"minecraft:crafted":{"minecraft:oak_planks":24,"minecraft:yellow_wool":2,"minecraft:dark_oak_boat":1,"minecraft:orange_carpet":3,"rubiks_cube:standard_rubiks_cube":1,"minecraft:cooked_mutton":7,"minecraft:iron_boots":1,"minecraft:chest":4,"minecraft:stone_hoe":1,"minecraft:crafting_table":13,"minecraft:iron_helmet":1,"minecraft:baked_potato":20,"minecraft:wooden_pickaxe":4,"minecraft:red_wool":2,"minecraft:iron_chestplate":1,"minecraft:yellow_dye":3,"minecraft:shield":1,"minecraft:stick":100,"usefulbackpacks:backpack_large":1,"minecraft:iron_ingot":67,"minecraft:iron_pickaxe":2,"minecraft:stone_sword":1,"minecraft:shears":1,"minecraft:stone_shovel":2,"minecraft:furnace":3,"minecraft:white_carpet":3,"minecraft:orange_wool":2,"minecraft:dark_oak_fence":66,"minecraft:iron_axe":4,"minecraft:stone_pickaxe":3,"usefulbackpacks:backpack_medium":1,"rubiks_cube:stickerless_rubiks_cube":1,"minecraft:dark_oak_planks":636,"minecraft:cooked_beef":5,"minecraft:red_dye":3,"minecraft:dark_oak_stairs":8,"minecraft:yellow_carpet":3,"minecraft:iron_sword":1,"minecraft:bucket":1,"minecraft:red_carpet":3,"minecraft:orange_dye":2,"minecraft:air":0,"minecraft:blue_dye":2,"minecraft:oak_fence_gate":1,"minecraft:white_wool":1,"minecraft:wooden_axe":1,"minecraft:blue_wool":2,"minecraft:iron_shovel":2,"minecraft:iron_leggings":1,"minecraft:torch":64,"minecraft:blue_carpet":3},"minecraft:mined":{"minecraft:dark_oak_planks":27,"minecraft:white_bed":18,"rubiks_cube:standard_rubiks_cube":1,"minecraft:cave_vines_plant":83,"minecraft:granite":10,"minecraft:grass_block":256,"minecraft:stone_brick_wall":11,"minecraft:coal_block":8,"minecraft:composter":1,"minecraft:oxeye_daisy":1,"minecraft:spawner":1,"minecraft:dark_oak_trapdoor":2,"minecraft:iron_ore":126,"minecraft:sticky_piston":2,"minecraft:fire":1,"minecraft:fletching_table":1,"minecraft:deepslate_lapis_ore":5,"minecraft:pointed_dripstone":1,"minecraft:cave_vines":114,"minecraft:dirt_path":22,"minecraft:oak_stairs":3,"minecraft:green_carpet":2,"minecraft:azalea":1,"minecraft:piston_head":2,"minecraft:deepslate_redstone_ore":4,"minecraft:smoker":2,"minecraft:clay":7,"minecraft:blast_furnace":1,"minecraft:poppy":2,"minecraft:cobblestone":4,"minecraft:sugar_cane":30,"minecraft:oak_planks":2,"minecraft:wheat":1,"minecraft:lilac":1,"minecraft:grass":136,"minecraft:oak_log":493,"minecraft:oak_fence_gate":1,"minecraft:dirt":125,"minecraft:stonecutter":2,"minecraft:oak_leaves":51,"minecraft:deepslate":25,"minecraft:daylight_detector":1,"minecraft:tuff":3,"minecraft:quartz_stairs":1,"minecraft:dark_oak_leaves":3,"minecraft:deepslate_diamond_ore":8,"minecraft:oak_door":1,"minecraft:dark_oak_log":68,"gravestone:gravestone":8,"minecraft:dark_oak_fence":1,"sawmill:sawmill":5,"minecraft:redstone_wire":1,"minecraft:moss_block":21,"minecraft:oak_trapdoor":8,"minecraft:furnace":6,"minecraft:carrots":46,"minecraft:dark_oak_fence_gate":3,"minecraft:andesite":12,"minecraft:peony":77,"minecraft:big_dripleaf_stem":1,"minecraft:bell":5,"minecraft:bookshelf":95,"minecraft:potatoes":38,"minecraft:deepslate_iron_ore":71,"minecraft:vine":2,"minecraft:stone":126,"minecraft:smithing_table":1,"minecraft:oak_slab":2,"minecraft:flowering_azalea":1,"minecraft:glass_pane":3,"minecraft:observer":1,"minecraft:spruce_door":1,"minecraft:dandelion":2,"minecraft:oak_fence":3,"minecraft:crafting_table":3,"minecraft:rose_bush":2,"minecraft:campfire":4,"minecraft:tall_grass":50,"minecraft:copper_ore":5,"minecraft:deepslate_gold_ore":8,"minecraft:big_dripleaf":1,"minecraft:spruce_stairs":1,"minecraft:beehive":1,"minecraft:birch_leaves":1,"minecraft:yellow_bed":12,"minecraft:coal_ore":18,"minecraft:gravel":53,"minecraft:dripstone_block":2,"minecraft:cobweb":48,"minecraft:cracked_stone_bricks":2,"minecraft:stone_bricks":7},"minecraft:picked_up":{"minecraft:wheat":1,"minecraft:chainmail_boots":2,"minecraft:smithing_table":1,"minecraft:oak_stairs":3,"minecraft:raw_copper":15,"minecraft:string":79,"minecraft:dark_oak_trapdoor":1,"minecraft:sticky_piston":4,"minecraft:armor_stand":2,"minecraft:oak_sign":6,"minecraft:cobbled_deepslate":22,"minecraft:red_dye":1,"minecraft:rose_bush":7,"minecraft:azalea":1,"minecraft:iron_pickaxe":2,"minecraft:coal_block":8,"minecraft:furnace":6,"minecraft:beehive":1,"minecraft:stick":99,"minecraft:composter":1,"minecraft:big_dripleaf":15,"minecraft:oak_fence":2,"minecraft:pointed_dripstone":4,"minecraft:rotten_flesh":23,"minecraft:cobblestone":129,"minecraft:cooked_beef":1,"minecraft:lilac":1,"minecraft:andesite":17,"minecraft:dark_oak_boat":3,"minecraft:brown_wool":1,"minecraft:golden_leggings":2,"minecraft:smoker":2,"minecraft:potato":88,"minecraft:flint":9,"minecraft:lapis_lazuli":32,"minecraft:dirt":435,"minecraft:lantern":5,"minecraft:stonecutter":2,"minecraft:bow":1,"minecraft:wheat_seeds":32,"minecraft:raw_gold":8,"minecraft:bell":5,"minecraft:rabbit":2,"minecraft:fletching_table":1,"minecraft:moss_block":17,"minecraft:oak_planks":1,"rubiks_cube:standard_rubiks_cube":2,"minecraft:poisonous_potato":3,"minecraft:dark_oak_log":159,"minecraft:diamond":11,"minecraft:lever":1,"minecraft:granite":10,"minecraft:grass":7,"minecraft:emerald":1,"minecraft:oak_sapling":133,"minecraft:dark_oak_fence":1,"minecraft:charcoal":15,"minecraft:crafting_table":4,"minecraft:clay_ball":24,"minecraft:wooden_pickaxe":1,"minecraft:stone_brick_wall":11,"gravestone:obituary":2,"minecraft:cornflower":1,"minecraft:oak_trapdoor":7,"minecraft:moss_carpet":5,"minecraft:iron_axe":1,"minecraft:item_frame":1,"usefulbackpacks:backpack_small":3,"minecraft:beef":12,"sawmill:sawmill":5,"minecraft:jungle_sapling":18,"minecraft:observer":1,"minecraft:poppy":4,"minecraft:quartz_stairs":1,"minecraft:sugar_cane":67,"minecraft:egg":1,"minecraft:dark_oak_sapling":6,"minecraft:raw_iron":195,"minecraft:oak_door":1,"minecraft:carrot":168,"minecraft:redstone":18,"minecraft:dark_oak_planks":246,"minecraft:arrow":4,"minecraft:beetroot_seeds":1,"minecraft:pumpkin_pie":1,"minecraft:peony":153,"minecraft:gold_ingot":2,"minecraft:glow_berries":92,"minecraft:mutton":9,"minecraft:white_wool":28,"minecraft:oxeye_daisy":1,"minecraft:dark_oak_button":2,"minecraft:leather":13,"minecraft:oak_log":468,"minecraft:chainmail_chestplate":5,"artifacts:cloud_in_a_bottle":1,"minecraft:yellow_bed":12,"minecraft:gunpowder":1,"minecraft:apple":14,"minecraft:stone_bricks":5,"minecraft:iron_ingot":12,"minecraft:book":283,"minecraft:dandelion":3,"minecraft:dripstone_block":1,"minecraft:gravel":45,"minecraft:blast_furnace":1,"minecraft:white_bed":17,"minecraft:spruce_door":1,"minecraft:dark_oak_fence_gate":3,"minecraft:green_carpet":2,"minecraft:spider_eye":2,"minecraft:gray_wool":1,"argentinas_delight:cuernodetoro":5,"minecraft:coal":29},"minecraft:dropped":{"minecraft:moss_block":17,"minecraft:diamond":1,"minecraft:crafting_table":1,"minecraft:dark_oak_sapling":6,"minecraft:lantern":4,"minecraft:leather":3,"minecraft:dark_oak_button":2,"minecraft:item_frame":1,"minecraft:flint":1,"minecraft:dirt":5,"minecraft:grass":2,"minecraft:cornflower":1,"usefulbackpacks:backpack_small":1,"gravestone:obituary":9,"minecraft:iron_pickaxe":1,"minecraft:dark_oak_planks":44,"minecraft:white_wool":10,"minecraft:armor_stand":2,"minecraft:gravel":4,"minecraft:lever":1,"minecraft:pointed_dripstone":4,"minecraft:rotten_flesh":15,"minecraft:carrot":71,"minecraft:chainmail_chestplate":5,"argentinas_delight:cuernodetoro":2,"minecraft:poppy":1,"minecraft:azalea":1,"minecraft:chainmail_boots":2,"minecraft:arrow":4,"minecraft:wheat_seeds":15,"minecraft:dripstone_block":1,"minecraft:cobblestone":28,"minecraft:granite":5,"minecraft:stick":3,"minecraft:oxeye_daisy":1,"minecraft:rose_bush":4,"minecraft:iron_axe":1,"minecraft:string":9,"minecraft:moss_carpet":3,"rubiks_cube:standard_rubiks_cube":1,"minecraft:raw_copper":7,"minecraft:stone_shovel":1,"minecraft:big_dripleaf":15,"minecraft:peony":76,"minecraft:andesite":12,"minecraft:golden_leggings":2,"minecraft:stone_pickaxe":2,"minecraft:wooden_pickaxe":3},"minecraft:killed":{"minecraft:cave_spider":4,"minecraft:spider":3,"minecraft:skeleton":4,"artifacts:mimic":1,"minecraft:iron_golem":2,"minecraft:creeper":3,"minecraft:sheep":3,"minecraft:zombie":21,"minecraft:cow":5}},"DataVersion":3120}