{"stats":{"minecraft:crafted":{"usefulbackpacks:backpack_small":1,"minecraft:furnace":3,"minecraft:cooked_mutton":16,"minecraft:iron_boots":1,"minecraft:iron_axe":4,"minecraft:stone_pickaxe":3,"usefulbackpacks:backpack_medium":1,"minecraft:dark_oak_planks":88,"minecraft:smoker":2,"minecraft:cooked_beef":17,"minecraft:cooked_porkchop":11,"minecraft:wooden_pickaxe":1,"minecraft:iron_helmet":1,"minecraft:stone_axe":3,"minecraft:shield":1,"minecraft:stick":94,"minecraft:iron_ingot":60,"minecraft:iron_pickaxe":2,"minecraft:wooden_axe":2,"minecraft:iron_leggings":1,"minecraft:torch":122},"minecraft:mined":{"minecraft:dark_oak_planks":1,"minecraft:deepslate_diamond_ore":1,"minecraft:dark_oak_log":774,"minecraft:spruce_trapdoor":1,"minecraft:cave_vines_plant":2,"gravestone:gravestone":1,"minecraft:grass_block":1,"minecraft:spruce_leaves":6,"minecraft:moss_block":2,"minecraft:furnace":2,"minecraft:iron_ore":97,"minecraft:andesite":12,"minecraft:moss_carpet":1,"minecraft:bookshelf":4,"minecraft:pointed_dripstone":1,"minecraft:deepslate_iron_ore":32,"minecraft:vine":2,"minecraft:stone":77,"minecraft:deepslate_redstone_ore":4,"minecraft:smoker":3,"minecraft:crafting_table":9,"minecraft:clay":1,"minecraft:torch":2,"minecraft:rose_bush":2,"minecraft:mushroom_stem":2,"minecraft:cobblestone":3,"minecraft:copper_ore":2,"minecraft:tall_grass":1,"minecraft:lapis_ore":8,"minecraft:deepslate_gold_ore":6,"minecraft:diorite":3,"minecraft:sweet_berry_bush":28,"minecraft:spruce_log":49,"minecraft:yellow_bed":1,"minecraft:grass":3,"minecraft:coal_ore":112,"minecraft:gravel":2,"minecraft:dirt":4,"minecraft:red_mushroom_block":1,"minecraft:gold_ore":8,"minecraft:oak_leaves":1,"minecraft:deepslate":6,"minecraft:fern":1},"minecraft:killed_by":{"minecraft:skeleton":1},"minecraft:custom":{"minecraft:mob_kills":77,"minecraft:interact_with_crafting_table":22,"minecraft:open_barrel":7,"minecraft:leave_game":1,"minecraft:time_since_death":106181,"minecraft:climb_one_cm":462,"minecraft:sprint_one_cm":141225,"minecraft:walk_one_cm":459625,"minecraft:damage_blocked_by_shield":660,"minecraft:drop":33,"minecraft:talked_to_villager":1,"minecraft:play_time":111669,"minecraft:deaths":1,"minecraft:sneak_time":2166,"minecraft:walk_under_water_one_cm":14714,"minecraft:jump":1523,"minecraft:interact_with_brewingstand":1,"minecraft:walk_on_water_one_cm":10626,"minecraft:total_world_time":111669,"minecraft:interact_with_furnace":20,"minecraft:interact_with_cartography_table":1,"minecraft:time_since_rest":106205,"minecraft:damage_taken":1537,"minecraft:damage_dealt":11453,"minecraft:swim_one_cm":31922,"minecraft:fly_one_cm":113258,"minecraft:open_chest":13,"minecraft:crouch_one_cm":2954,"minecraft:interact_with_smoker":6,"minecraft:fall_one_cm":32285},"minecraft:broken":{"minecraft:stone_pickaxe":1,"minecraft:iron_axe":2,"minecraft:stone_axe":2,"minecraft:wooden_axe":2},"minecraft:dropped":{"minecraft:dark_oak_sapling":25,"minecraft:iron_helmet":1,"minecraft:glow_berries":1,"minecraft:apple":7,"minecraft:stick":12,"minecraft:flint":3,"minecraft:dirt":8,"minecraft:diorite":2,"gravestone:obituary":1,"minecraft:paper":8,"minecraft:stone_axe":1,"alexsmobs:animal_dictionary":1,"minecraft:cobbled_deepslate":2,"minecraft:rotten_flesh":8,"minecraft:clay_ball":4,"minecraft:iron_chestplate":1,"minecraft:andesite":3,"minecraft:spider_eye":7,"minecraft:arrow":2,"minecraft:wooden_pickaxe":2,"minecraft:stone_pickaxe":3},"minecraft:killed":{"items_to_mobs:redstone_bug":1,"minecraft:spider":5,"minecraft:phantom":2,"minecraft:skeleton":6,"minecraft:pig":8,"minecraft:creeper":2,"minecraft:squid":2,"minecraft:sheep":12,"alexsmobs:flutter":1,"minecraft:zombie":26,"minecraft:glow_squid":1,"minecraft:cow":7},"minecraft:used":{"minecraft:shield":18,"minecraft:iron_chestplate":1,"minecraft:torch":70,"minecraft:wooden_axe":117,"minecraft:dark_oak_planks":13,"minecraft:iron_axe":612,"minecraft:iron_helmet":2,"minecraft:iron_boots":1,"minecraft:furnace":3,"minecraft:cooked_beef":7,"minecraft:cobbled_deepslate":6,"minecraft:iron_leggings":1,"minecraft:stone_pickaxe":168,"minecraft:wooden_pickaxe":4,"minecraft:crafting_table":9,"minecraft:smoker":2,"minecraft:dark_oak_log":15,"minecraft:iron_pickaxe":227,"minecraft:spore_blossom":1,"minecraft:spruce_trapdoor":1,"minecraft:stone_axe":352,"minecraft:cobblestone":34,"minecraft:cooked_porkchop":8,"minecraft:andesite":7,"alexsmobs:animal_dictionary":1},"minecraft:picked_up":{"minecraft:crafting_table":9,"minecraft:iron_chestplate":1,"minecraft:clay_ball":4,"minecraft:wooden_pickaxe":1,"minecraft:string":3,"minecraft:raw_copper":7,"minecraft:cobbled_deepslate":8,"minecraft:beef":17,"minecraft:rose_bush":2,"minecraft:spruce_trapdoor":1,"minecraft:furnace":2,"minecraft:dark_oak_sapling":60,"minecraft:raw_iron":128,"minecraft:stick":38,"minecraft:torch":2,"minecraft:porkchop":11,"minecraft:diorite":2,"minecraft:redstone":18,"minecraft:dark_oak_planks":1,"minecraft:rotten_flesh":8,"minecraft:arrow":2,"minecraft:glow_berries":1,"minecraft:mutton":16,"minecraft:white_wool":11,"minecraft:cobblestone":82,"minecraft:glow_ink_sac":2,"minecraft:andesite":10,"minecraft:leather":10,"minecraft:smoker":3,"minecraft:yellow_bed":1,"minecraft:gunpowder":1,"minecraft:lapis_lazuli":55,"minecraft:dirt":8,"minecraft:bone":7,"minecraft:apple":10,"minecraft:raw_gold":14,"minecraft:spore_blossom":1,"minecraft:stone_pickaxe":1,"minecraft:book":12,"minecraft:sweet_berries":62,"minecraft:spruce_sapling":12,"minecraft:ink_sac":3,"minecraft:spruce_log":48,"minecraft:dark_oak_log":717,"minecraft:spider_eye":4,"minecraft:diamond":1,"minecraft:iron_helmet":1,"minecraft:gray_wool":1,"minecraft:coal":112}},"DataVersion":3120}